,Produksi Minyak (Barel/Hari),Produksi Gas (MMSCFD),Harga Minyak (USD/Barrel),Harga Gas (USD/MMBtu)
2020-01-01,818277.9115553172,265.76964485501935,63.22268037943509,4.903477577550971
2020-01-02,912270.0174581764,290.527159809776,65.420764605002,2.741314728982354
2020-01-03,837186.5345422472,255.75170387945386,54.43807886670329,4.860009386569413
2020-01-04,881587.7072571744,230.97740349374843,78.9040478742855,3.353508842082614
2020-01-05,993316.6251759605,262.4364610155135,64.9054608824534,
2020-01-06,808931.3187768082,215.7551020753042,75.99961232420452,4.9874738204620055
2020-01-07,824520.252962849,224.83890312127804,53.619877592038115,2.914938992587516
2020-01-08,869831.1499799202,293.1133236570746,52.280715153354066,4.405760825825933
2020-01-09,794108.276557775,272.84142031750184,63.680815186959094,3.910222917639754
2020-01-10,890730.5450499352,244.01211060122145,70.80478806544463,4.895331909791977
2020-01-11,916394.7494502352,229.93469170171701,62.693550603506914,4.270114740530654
2020-01-12,898759.7277744189,238.83521709608505,53.881190188335665,3.3041228822564723
2020-01-13,884369.9946332448,283.92091000853657,,4.115138914880675
2020-01-14,934867.1970048049,227.86899243616898,67.50624910851633,4.916669217885371
2020-01-15,932633.3031311455,237.43102299103583,50.956592254075,2.6556300136805313
2020-01-16,,268.4578266400469,56.575537795671096,3.507796268458466
2020-01-17,893765.2606926749,252.89276071851467,57.094766425440305,4.863784554935409
2020-01-18,,292.18717011532055,76.04451675054791,4.51315298607662
2020-01-19,961455.7304045658,267.59695194787196,,3.2313058964471937
2020-01-20,847900.2494696968,232.6159786478267,71.21644954087812,3.5946203926252465
2020-01-21,809857.4750660909,239.38818942415685,72.58025063460116,2.893331769600842
2020-01-22,943769.1542778243,232.99952620237184,59.01863275648196,4.233154394713277
2020-01-23,1013399.400204933,,76.42106026394629,3.5328254301086632
2020-01-24,846732.1794663281,245.06842909680455,56.71585264766952,3.2862296849781685
2020-01-25,1042113.7197028566,288.459202094077,,2.9776781202714915
2020-01-26,963819.8864196953,260.6328802973104,56.178713054469156,2.804300560881236
2020-01-27,871856.2135424609,208.6050763181491,52.92412049294262,3.6794949974142472
2020-01-28,952665.1344214954,247.93710282178498,64.43231369799462,4.962544560258236
2020-01-29,790597.887938355,294.1530200085329,,2.811662895688981
2020-01-30,881436.2907966828,222.7001939751611,70.33345312697898,
2020-01-31,955839.0782200549,192.93459177006253,71.96775838773473,4.4506286016460725
2020-02-01,799992.1715188842,267.1869819775628,52.93549661187149,4.306098114701082
2020-02-02,867775.9379604108,219.56308542496086,74.35867593380124,3.1995985918274394
2020-02-03,928923.4461479012,216.99262478799963,72.96157392501425,3.3296435739893635
2020-02-04,931836.1472854428,245.65298127524244,58.92988559668126,2.5990604566640423
2020-02-05,868513.931898165,-4.0,-13.349964032260988,3.6797019514089664
2020-02-06,910767.6352571889,257.67423439680465,62.250876256140245,4.043136589205907
2020-02-07,,296.86138798961906,54.01389069194424,3.207888798489371
2020-02-08,881831.9871746021,245.97301746750617,52.88086459975677,2.846882354002394
2020-02-09,988391.4374701552,293.86045452673005,53.30538638700933,3.517262177462233
2020-02-10,777872.6618489359,278.39253000052094,77.37583967826883,3.5763334691023934
2020-02-11,878174.0307779529,209.32851349772116,78.84953906534588,4.852572110638099
2020-02-12,873972.0972037176,214.69858848261103,70.48804625046094,3.2867405798604157
2020-02-13,968215.989183939,206.5820677793747,64.08123594241674,3.90688855270435
2020-02-14,926292.8441045545,,68.45334800782447,3.205863147122763
2020-02-15,1004047.9455398654,210.1549229155501,55.69017253730168,4.855887975923346
2020-02-16,945723.3088845172,256.10752439103544,68.01287138826589,2.9844240728007074
2020-02-17,846249.9955156842,262.35081512532247,67.35083675156119,4.814304978008051
2020-02-18,901367.5465242937,290.1508795882659,55.05731942457175,3.961455403079715
2020-02-19,900459.549791264,286.91666895400164,74.33566628925361,4.424630340352697
2020-02-20,940614.949746119,,68.56368636912948,3.0360577194882867
2020-02-21,932524.9097770521,218.0062913746096,75.34256875097785,4.440108430038532
2020-02-22,946505.5837481015,207.89912028822624,68.27844545056483,4.544361150357238
2020-02-23,930629.7757714676,230.06023429558402,60.84905378336398,4.951867769067814
2020-02-24,899129.506479961,209.23458019846225,78.79149087922113,4.869349804260249
2020-02-25,958402.6165073968,215.52649920974397,62.91415507929419,3.857961240715932
2020-02-26,834876.8041348231,261.8927963580396,69.6713473710781,2.7052606575742195
2020-02-27,870825.7852231457,206.0429315998351,61.65654758211993,3.8749135210991
2020-02-28,933258.195178849,219.95805201761334,55.3659793866157,3.195140460802244
2020-02-29,868824.6293603448,231.56807323028946,69.43042595102834,3.907469498514195
2020-03-01,862566.0164485847,269.65410141144605,71.2699186764527,3.3636069870210825
2020-03-02,895854.4692974063,249.72724914257506,79.9078105750892,2.9596594268638636
2020-03-03,982235.0856105902,238.92027173348677,69.97290245599137,2.7364517442812293
2020-03-04,875325.3845037366,269.6654989510503,51.54138091974188,3.658915643014936
2020-03-05,953229.895536929,300.78537843903223,70.3429855522998,3.4991667438338467
2020-03-06,909921.5653396897,221.4131111629074,62.30310679640789,2.5407135563770398
2020-03-07,965510.4057860839,287.42903815780744,67.5053153532199,3.8493535713444347
2020-03-08,1013487.8227163893,278.6173956047782,53.50950111150192,3.069860185199044
2020-03-09,769237.4682600811,272.3433508279537,66.01080035854051,3.701602757554625
2020-03-10,888192.1642414874,,53.52981922617221,3.148754627302992
2020-03-11,827721.201160273,306.4122343659185,69.79956476725093,4.520532559985229
2020-03-12,855214.616055147,232.69668914687736,71.122270781261,2.8073829338949863
2020-03-13,850159.1313601597,209.05771097326465,78.5334251702464,3.9022067988284883
2020-03-14,886223.9980353941,230.17833732247266,70.84597597866403,2.5320643486517644
2020-03-15,970092.2222116493,301.492949544849,54.866719888126156,4.384095083906134
2020-03-16,1013020.2397758359,239.76302126643,65.59187149005876,4.711797539347974
2020-03-17,1010797.7929329419,298.23352701711144,74.10713962636231,2.839514185866356
2020-03-18,907798.2325818029,285.6711983064494,54.66450163910131,4.744243288485814
2020-03-19,859335.8521581047,212.73831041903463,75.41397005686451,2.654962159520319
2020-03-20,812555.7301856846,279.46427608367287,76.67884166604148,2.851963280485797
2020-03-21,777922.8964372168,213.76227463390723,53.95873027820609,3.2751906600637786
2020-03-22,876608.0549899451,289.1539868117466,57.24492153036049,2.7491774734515353
2020-03-23,852758.2666095529,303.5283571814832,67.26766775850788,4.196877412259445
2020-03-24,822951.0598949641,211.70883589847983,72.9548739392544,4.137371813620311
2020-03-25,893504.5136872884,277.01160119961224,,2.8979080578314016
2020-03-26,1029930.0620616279,231.72946797580894,67.43252826889565,4.663686622445077
2020-03-27,939708.4129777723,274.69573552787165,59.179075463554085,4.112001883373311
2020-03-28,918151.4354296844,213.79572184862798,51.42923067694423,3.9910107798301704
2020-03-29,792731.9266290859,223.68774097672178,57.49218818915399,3.731057740392663
2020-03-30,877530.2891473407,238.39507646244368,56.37144034652647,4.88622235521323
2020-03-31,,297.6465523705625,68.26512519346326,2.6986835131052977
2020-04-01,957037.913547732,270.63465097229584,53.065623268664524,2.782530919598363
2020-04-02,944502.478029714,221.94564317798142,51.636449356031555,2.663023363252708
2020-04-03,979782.9459680946,255.8937126238117,54.638089570793795,4.641988447942186
2020-04-04,1025982.8477641719,222.50234118544324,60.504180171913845,2.8413494199195934
2020-04-05,1044419.2341880811,278.1381404177277,57.417513829931806,3.1598428065866004
2020-04-06,967742.4575517296,283.95048808382563,51.67337613474404,4.318377822419375
2020-04-07,893592.7939510827,238.2315016193407,68.55128953467988,3.7348176064569296
2020-04-08,939441.035091715,214.05050891898318,72.9415791640889,3.3229779420527885
2020-04-09,898811.8754709724,272.81258044142373,,3.948786618000024
2020-04-10,1006237.309763887,300.867620372627,65.89168686519523,3.507069895704817
2020-04-11,962112.0450129729,283.06081132185005,78.36183997640858,3.766819689129372
2020-04-12,842394.6336553874,247.03688965294094,62.86883177114288,4.391186441073167
2020-04-13,901608.89449531,288.8959991861542,65.92590165913147,3.0913737059136026
2020-04-14,982985.5328480627,204.05200724202354,74.5831741626259,4.769745283806072
2020-04-15,,258.12108204631437,71.45138334808584,4.421612024479339
2020-04-16,875075.8633478244,259.0176214117364,73.71477475163263,4.625607554694449
2020-04-17,877834.970859555,264.39347101920566,74.6389459592957,3.0199566564889047
2020-04-18,1025076.4399739063,231.7132535615016,69.77122762251234,4.4011755778801795
2020-04-19,,248.18431372786733,56.843100836971,2.718637085925665
2020-04-20,959299.8261609431,228.04323666892896,77.71893276157424,2.5271049251311206
2020-04-21,,233.74784042082138,78.73870731746516,4.2539488541388835
2020-04-22,853290.438051116,199.99197265287728,69.43454270027473,3.732099409451068
2020-04-23,885123.3846684244,,71.36303185329874,2.9459122215841953
2020-04-24,772788.3808936968,275.75685073239066,58.66961947575904,2.7135634424369828
2020-04-25,895428.3333463724,255.07584418564434,74.74801124719467,4.251056934560395
2020-04-26,888214.8109852916,,56.70384854957563,2.964986338081918
2020-04-27,887111.1279411482,,67.57748857482086,
2020-04-28,837894.2782333784,206.44232621216258,63.23328842991718,3.8790199232986264
2020-04-29,962556.7734242836,227.91240509894266,75.22861482084853,3.447912569458164
2020-04-30,869083.3899078786,246.7019203014083,54.69859085795553,3.1226420355406583
2020-05-01,980319.5833777824,250.66563424648302,,2.8770785976958955
2020-05-02,855707.0395283843,254.8787852767329,63.02744921510657,3.109467182227359
2020-05-03,840906.1353995203,261.1383966502702,51.17667276953601,4.809027886393718
2020-05-04,863289.3454141539,275.98576857983477,60.42905800012409,4.5817890643532015
2020-05-05,836342.892700499,281.31592778515324,52.28036787930577,3.7241826182272684
2020-05-06,960672.7820562945,260.59834043961024,67.10660119747726,4.599808524337663
2020-05-07,,255.06355220648814,68.18193724295207,4.712068987752777
2020-05-08,840056.1115459448,265.83848687196235,65.65815850849748,3.399132689896053
2020-05-09,972443.1225158117,255.5604585868882,59.75141093768933,3.8026983671644654
2020-05-10,784323.3269531251,308.5252959335582,70.08406077032811,3.278017768832649
2020-05-11,,289.38350121973207,55.20250252851987,4.3561006509359235
2020-05-12,818113.0382105979,220.79182185193383,71.25228979928207,3.652704922324305
2020-05-13,962253.2455542098,276.06048541387037,57.01296522981291,3.106335948497335
2020-05-14,805129.8039694617,,50.80554491130218,3.8741733993031637
2020-05-15,830891.7542851947,275.23718983147694,56.483892715453244,4.448152012351698
2020-05-16,851940.2113468518,221.5127305862591,60.84166056089431,3.0405840437864455
2020-05-17,867470.2885654141,262.62326838794456,63.65036315935053,3.5858130683955807
2020-05-18,806036.6580944849,282.2297216623486,68.58775396537338,4.846509493459273
2020-05-19,836762.7132133509,230.9062203082555,67.22827038303367,4.132715203951196
2020-05-20,791036.3436461021,236.35574780376845,77.08375565176766,4.781908804816538
2020-05-21,960656.5902098435,244.86393452598438,76.56669864306842,3.6788700812724664
2020-05-22,995284.613929618,218.7557001167235,76.46063098885755,3.5152555903443883
2020-05-23,805345.2221259965,,66.8854133548119,3.4598612203511188
2020-05-24,919998.4860219678,210.1357369252069,79.7205781495683,2.8547816516312934
2020-05-25,818061.0906329895,281.3432828502502,55.33146354872359,4.968670004035703
2020-05-26,,275.95296336968426,70.9054927015565,4.323281131738273
2020-05-27,924937.5045691686,215.33580969127775,77.99066726788826,2.779762675043247
2020-05-28,879270.7920041025,258.9127105805367,66.5800443619784,2.9807332010493006
2020-05-29,904330.1233566777,219.57107981805657,58.28954673002874,3.7671883073488424
2020-05-30,803584.6083083205,285.809798790889,73.46179248611121,3.8859051807604486
2020-05-31,944881.6892171884,215.68871792406512,50.4251540997662,
2020-06-01,823749.2695886033,207.5674926605998,71.92106941211628,4.975869253501974
2020-06-02,866017.6686280544,245.82425900875015,79.42464547691065,4.09662543236364
2020-06-03,832128.834601709,192.10399464097387,61.946134113047776,3.956921189933135
2020-06-04,976431.0950376502,276.51023521843666,51.81024863107844,3.702917997264856
2020-06-05,904074.1366775737,218.09807692721142,68.05915520113335,3.4944100360784067
2020-06-06,836418.1985056099,287.55540341273263,58.68362985246978,4.701163498510538
2020-06-07,,208.9098947205606,55.43746376128583,4.729784957344085
2020-06-08,827975.7685959027,227.26259504284457,76.09288945999828,4.029501809930362
2020-06-09,897079.2786745743,301.3186590015234,56.984867819025695,
2020-06-10,806146.3379661842,305.6482097647644,54.518767708696565,3.6711514902572073
2020-06-11,834839.9364936328,198.7044004226804,68.06198920970729,2.5605941507313927
2020-06-12,1025947.7257250802,253.87004966749078,66.38227681376497,4.831929693815663
2020-06-13,808862.2466270156,260.1384750059715,60.21189219552354,2.9567707356323236
2020-06-14,848414.9826330765,217.5103113129817,79.99543333846388,2.849394291958098
2020-06-15,969550.2115707803,242.90023675187916,59.645704182357676,3.3557676755811503
2020-06-16,990555.569719351,251.78047224042427,65.65991387599846,4.534899355849456
2020-06-17,1021809.5197499772,242.23491560895368,74.07319408611227,3.1947863028757606
2020-06-18,1025769.8920350256,239.3542413877172,56.24308268509371,
2020-06-19,899303.6925922604,278.87479390754476,68.2886579908888,2.7533595796551946
2020-06-20,,251.6613922078911,59.462162207719615,2.524106642170162
2020-06-21,1004249.3128806629,268.2904314954652,67.84415733709672,4.607333083679294
2020-06-22,,267.4051493666266,51.43533843573704,4.360371596750121
2020-06-23,831804.4986720254,201.68539121945264,,3.3486867142736205
2020-06-24,937243.5118912349,273.17361077929326,51.23778058163076,3.512868680436476
2020-06-25,939137.5960969012,235.73515363114902,50.55057076979571,4.57078968854712
2020-06-26,890374.0661958299,208.59807315531324,76.86031153381094,4.508063481362649
2020-06-27,770065.6217134811,242.08141559324747,60.90999181311393,2.8928521155160523
2020-06-28,787067.4873940981,220.7537597489833,,3.041241471663126
2020-06-29,925336.8784960292,207.01991645077217,64.06920870218212,3.5550397858657585
2020-06-30,874210.0012306133,271.1470810487228,61.95476301208941,4.799730161967
2020-07-01,911096.5602758817,267.9074875162232,72.46235341635017,4.367946253344174
2020-07-02,836236.9954530457,305.2141173539344,52.38284377336274,2.9170917847044207
2020-07-03,970585.5939964151,234.46105549000706,58.056044322360606,3.846296376520975
2020-07-04,909830.507299632,256.1964491242092,59.969490682196806,4.998087118647982
2020-07-05,832778.4644893712,,,4.886443303425468
2020-07-06,989181.4809942273,244.84351962533574,77.59242260656296,3.9276771706045848
2020-07-07,813329.1952927086,214.36598057678202,53.6264578767764,3.526146855741997
2020-07-08,918038.453186312,220.37702001452203,65.61325458690771,2.912415260052361
2020-07-09,793604.0004655924,267.9828584268958,55.23309192445832,2.8067713390093187
2020-07-10,918967.3577328516,263.10626339904763,73.82236462006563,
2020-07-11,981898.198518614,262.8259688431369,53.86557510264973,2.648891860318974
2020-07-12,855531.0996256031,236.1699127993146,64.27722150698295,3.9331511787058338
2020-07-13,916376.3380979226,261.4643494109118,67.44857771881206,3.5053440555333664
2020-07-14,960971.5602459606,242.33770104891892,58.790415362528655,2.702378145858126
2020-07-15,950214.8424999247,256.7521553228121,72.39399828294715,3.3849376308808115
2020-07-16,867332.7322925847,274.3320720811067,56.38237263090027,3.0570515172449184
2020-07-17,915119.6640074723,286.58847987293103,67.83534996921549,2.696208792451718
2020-07-18,969082.8434572518,245.9578656648816,50.16634721279413,4.810310864604933
2020-07-19,881526.3037978826,206.19514785223802,55.006990172020366,4.133083581165054
2020-07-20,886564.4001864551,228.06355077455726,57.783982019795864,4.0874208004552015
2020-07-21,920990.878774476,239.87029073931677,52.33512696414136,3.619536476192601
2020-07-22,944233.7687731361,289.4978650767097,53.23346009841396,
2020-07-23,873157.0351638321,225.0235487954122,58.25234148210882,4.426500591018253
2020-07-24,900383.7695431759,,77.0406247990415,4.97452133116202
2020-07-25,996825.0546259441,256.41380817299586,63.913882421531966,3.6845309206424353
2020-07-26,899022.4865863763,306.95439652100464,57.28701094900318,4.027203990758969
2020-07-27,883251.3107788293,210.7966585237497,78.80912296400118,3.7114736628355147
2020-07-28,919050.5707243552,235.0362463075202,66.78753677804724,3.968918321366907
2020-07-29,879681.9999411352,216.82823455100544,69.35444611457231,4.4350746852756195
2020-07-30,987892.9862078464,265.1909407358701,64.57968261059523,3.688878398459521
2020-07-31,767362.7699062406,228.63722697215505,77.29036487971513,4.346634065297957
2020-08-01,821536.9722956481,233.86462973719776,58.60607013974024,4.944575636382719
2020-08-02,904684.4497091862,267.2599477275397,50.19328006179728,4.090610142252594
2020-08-03,993207.6351800465,192.06686817900257,55.63942552674718,4.656926998372992
2020-08-04,876656.261325309,217.9004818809285,65.91462699606564,4.592499104899188
2020-08-05,,204.60988769375118,73.64413514819006,2.9620303288986847
2020-08-06,974645.3760217136,222.05352704703336,56.907241572047724,3.8280734575308353
2020-08-07,1021590.4720623188,226.0671147901325,58.83045220276719,2.762991049257213
2020-08-08,884527.6245748621,234.63006597308063,74.37836828718122,3.4445832811139976
2020-08-09,849137.5178274296,213.24498479506485,63.50986325158561,3.6764984681962383
2020-08-10,888781.9956025053,221.1794339106207,,3.8483561310471774
2020-08-11,864181.0968261823,296.1581147667472,78.13188129376458,4.858952516253869
2020-08-12,890627.8630288477,273.5276132939743,74.78810332567188,3.829849103267984
2020-08-13,891638.9000996334,209.62737918348003,78.36705647544412,3.485895825458435
2020-08-14,988953.5109663773,207.66499096411417,64.72451671720763,4.218946311239202
2020-08-15,987535.9818543957,286.2593971015018,66.06064323223814,3.82377128750389
2020-08-16,978932.3969001761,216.8402827327851,56.21057125155107,3.0729045307368725
2020-08-17,936080.4813037093,,66.26207799046173,3.3459870941957806
2020-08-18,792397.3617523859,239.19982087594357,79.17209529904703,3.3623842126593173
2020-08-19,912471.9457353634,289.0784035327977,58.52805200801485,4.349441773027345
2020-08-20,820069.7341183464,289.06775885816245,79.17313383600757,3.4804410913851913
2020-08-21,826732.0787243342,224.6249506555772,78.5446012042409,3.6083375378743057
2020-08-22,879482.0580014823,237.22963383719414,64.17046893307807,3.7677378412558227
2020-08-23,969502.5759255709,285.7439442095778,55.619093579140994,2.668493971405306
2020-08-24,793330.6464984494,211.3854240858967,76.4227497838587,2.8692812521018682
2020-08-25,,264.24380069359273,50.33153043341493,2.713977354117026
2020-08-26,974424.1572013457,285.6294091002322,59.70904180187284,2.822650259842148
2020-08-27,936173.6920073098,203.7209205303518,67.21682964205148,2.8080910942155364
2020-08-28,834941.2013869121,219.33371502348885,52.56058567072661,4.93728759967304
2020-08-29,914305.7778559905,262.34046859967157,67.41291715082157,4.447986480869666
2020-08-30,958700.593847129,255.4271613434022,,4.79072221911292
2020-08-31,988477.6196018792,241.30672426842602,62.29934014348008,3.6526542736617698
2020-09-01,974698.57772569,238.80128363356124,68.30295945844745,3.6123194796989906
2020-09-02,965465.4753609417,200.2613664702121,63.17581730507374,4.271004963805601
2020-09-03,969344.455264176,279.9856282188368,58.25537964856612,3.523167383598791
2020-09-04,902764.8729563812,275.80216645565093,58.189417779690174,4.504588536378987
2020-09-05,789254.2898418753,294.4607264718103,51.38406817961488,2.532923671114251
2020-09-06,898227.2490861249,257.3587453978002,61.95348636592381,3.013643341361659
2020-09-07,828531.0246616158,208.7148617075776,63.02667461232632,2.9943657325800404
2020-09-08,960710.0716011069,273.4389466583813,62.673938308589264,4.240220876177706
2020-09-09,861036.087278348,266.0708575386777,66.34107818851676,3.5090246523462327
2020-09-10,939254.959639363,255.15441638890854,65.5301775134257,4.0162109241032695
2020-09-11,904314.2969062495,235.20835452200313,62.23527764585705,
2020-09-12,816287.6830645378,261.02076959977023,52.94236574038554,4.074016264805164
2020-09-13,959759.984973139,,64.45327734252524,3.584348813278188
2020-09-14,953767.7164879877,,52.440833104513395,4.075660053547754
2020-09-15,973224.6256110355,280.1950733693339,61.69138021537583,4.547810629884157
2020-09-16,997369.8595272419,209.1465909897581,53.361503481811866,4.049432104424226
2020-09-17,817009.8880605422,246.8046148368732,59.88103923019733,4.490677523522605
2020-09-18,998131.3556427835,253.91949936003783,56.398130292682865,2.5061730721833753
2020-09-19,895839.932944292,271.0777140077969,50.619156897148166,4.90037770733719
2020-09-20,862086.413902855,200.53667253832813,66.96296342105114,3.2598346211635842
2020-09-21,986807.8253629124,,55.14217091968675,
2020-09-22,859542.413834427,203.82390455100392,50.77614880273461,4.794127600456164
2020-09-23,831642.7610787306,240.94316818713304,,3.227632597681163
2020-09-24,872454.6970930307,196.03639932505124,68.19438729202012,3.964867287415832
2020-09-25,972459.5582939913,233.37936621690872,64.98867801572828,4.627258454829579
2020-09-26,923657.4685378314,290.3514927418182,50.909711355972995,2.532948480964343
2020-09-27,968303.4562632684,229.6920349408251,68.24085376489072,3.2190556269879984
2020-09-28,994478.7913509097,233.51247826447118,74.11522423204157,3.368016751144368
2020-09-29,781950.4987193099,223.61994157350748,74.11774146253788,4.459260023303667
2020-09-30,891196.9406317796,289.35542398675994,78.96029295337894,3.371843499758996
2020-10-01,961566.5001092841,226.42813574233256,55.49583390301878,4.322038331303343
2020-10-02,845020.6288662461,248.28263264017056,58.90792972284047,3.8204120320573933
2020-10-03,947585.1583237166,235.8894504333296,54.86182383060345,3.142208680243923
2020-10-04,999109.5531338197,240.8419755603408,52.63569828244459,3.4164172483377224
2020-10-05,775187.8132851531,220.58559194147603,58.594555387882664,4.590743909150282
2020-10-06,786272.1949219819,288.0520628166075,75.85010975535107,3.2066573523130826
2020-10-07,792772.1981259151,275.01645492163243,68.64923194151169,3.7799355913641115
2020-10-08,888944.1143441525,235.76365846469213,56.14635948890587,4.101192293179889
2020-10-09,863233.3766710962,216.18655977599326,57.46994987732018,4.982500817659548
2020-10-10,868082.2150503666,227.39279871389456,,4.799696931692653
2020-10-11,859601.8128418241,201.27653900188062,51.45979957989068,2.7631301231381
2020-10-12,,275.44638737295054,79.75919171005798,4.303435488442704
2020-10-13,1020626.3037504838,206.91834746485313,51.50986127767993,4.278896406158541
2020-10-14,896700.8021516174,271.5257961710343,59.48441783168134,4.291169575397117
2020-10-15,812313.1812038108,,71.41771675524193,3.8796523656592656
2020-10-16,990697.1606935059,274.64609465655326,62.616269535558914,4.3164463001730455
2020-10-17,996019.1173111052,231.0330066498654,71.55237041752139,4.86051544035428
2020-10-18,898625.3672324477,193.08627546237489,77.422098843413,
2020-10-19,925913.9929448183,290.5228585304756,66.71212353919806,3.7219034993596907
2020-10-20,943070.96070569,216.63827310190314,61.75115462358232,
2020-10-21,867750.6141919437,,74.4834148611534,3.5049919015194115
2020-10-22,883581.2930616227,,65.79300955759895,3.6054638362909266
2020-10-23,999201.707481543,204.11445693131023,53.352797776050366,2.867218667835406
2020-10-24,851646.5006291866,295.3013705868087,78.51539443543123,4.821274904112284
2020-10-25,929643.531570266,290.0006628666179,50.23603187194067,3.011959454025597
2020-10-26,869463.553039623,261.33401804473533,77.48159520032617,
2020-10-27,,263.8669357113095,77.4584464614632,4.211844982396542
2020-10-28,830720.629237979,287.02937033832205,56.6717343006396,3.526041209801405
2020-10-29,829843.4366522398,267.8137955164439,71.5499418066417,3.2306023179813717
2020-10-30,974641.7681538772,248.05537989564507,75.47568741190824,4.219443452140377
2020-10-31,928971.9429625159,273.7840406452591,78.38407051886918,2.7096860027250123
2020-11-01,881789.5769100162,,68.50667766890571,2.6774337825593424
2020-11-02,815079.979546923,208.4602309709894,50.20046779402644,4.4058873983267235
2020-11-03,1034818.0357335707,266.79603871330227,79.59909082329733,2.949833807432617
2020-11-04,943562.8083732402,288.6835121072289,75.52199874695614,3.617341445744594
2020-11-05,899092.3726840892,246.82059241035228,59.4624201787135,4.990403252536023
2020-11-06,1001093.366375231,234.73428291195117,58.43051669611811,4.369640384213956
2020-11-07,955218.848681428,230.55898716873747,54.54274470209917,4.384439377547974
2020-11-08,903075.8608306313,281.4678516603015,69.27937235283119,3.49924819588027
2020-11-09,921958.312833987,207.34424339075863,51.68629921026896,3.10515959442173
2020-11-10,933067.5595626682,219.44345734065308,78.74348393862022,2.952917118325206
2020-11-11,809221.7216815044,210.24955090787165,71.73213819369863,3.459448327492869
2020-11-12,794713.2835482593,241.43741644467488,62.62752409176929,3.33112935135472
2020-11-13,895132.2459872122,269.6067142682771,51.08517602750355,3.6942208185046486
2020-11-14,961399.252854234,204.48126093873256,51.40260619083042,
2020-11-15,970922.5397208402,257.34024850507245,79.41183683667559,3.7539940138704546
2020-11-16,961634.8996203245,217.1399517063106,57.279341456387854,4.153682330841579
2020-11-17,814831.788142761,209.84600301779906,70.35519777804527,2.66978955983062
2020-11-18,919336.1604813391,217.30884630788933,70.12201311714217,4.219932902331109
2020-11-19,959978.0318287986,289.4878572322576,55.631513974047294,
2020-11-20,960336.3485710396,212.3630965587634,54.872063961083626,3.269233010227082
2020-11-21,944233.9538623567,220.7760966113229,50.507579130429534,3.2500316116761487
2020-11-22,901544.0548786868,260.8917214415523,50.565125906898146,2.6326280182555584
2020-11-23,946462.4886862844,250.3828001405025,63.09092421594086,4.364960368686852
2020-11-24,,261.15279388150145,63.83249168744764,4.639608942827408
2020-11-25,986508.970124454,297.960318127712,66.02643075836737,2.901077129954148
2020-11-26,947193.9406719233,245.57963521663623,,3.2883648481653247
2020-11-27,964165.3782981077,301.80846722590405,72.90614058161253,2.5481532296489764
2020-11-28,883213.7137431959,261.9157016087783,74.03074626912162,3.633497941759413
2020-11-29,947680.635512107,228.1671878607681,72.14398515756329,2.8195098370254916
2020-11-30,946528.2586689461,271.5961707302788,70.8688374266499,4.574734178561158
2020-12-01,,232.1163000194269,72.50364213864042,4.090998144946496
2020-12-02,844316.2965235832,286.6882345715304,56.849690636827404,4.916218868595158
2020-12-03,827135.0930997522,218.37948917691145,51.77343558941135,3.1224581104636604
2020-12-04,841413.0632829814,252.22401843761233,63.35429637540034,2.9671873277034986
2020-12-05,998901.6705674304,295.2052391404259,,3.2303192314895908
2020-12-06,935737.1280161813,210.06677658554523,59.346280335548485,
2020-12-07,777331.8099038264,252.44886459738095,51.700840662254926,3.6996647964633733
2020-12-08,1006308.8222869595,207.71876519826952,62.47342334233245,3.826441078293879
2020-12-09,937007.1842357466,205.37664209477134,67.54130570224646,2.9411216323170026
2020-12-10,961669.1581591066,308.3447310363085,61.13864333526405,3.4864738662737724
2020-12-11,810773.3010010967,308.6182877656376,51.29109257858613,3.6512547095887564
2020-12-12,899823.9239683975,262.5866032136972,73.49180963300346,3.568138743380411
2020-12-13,901746.7510809377,241.46575456831638,52.57339624468765,4.816546446418277
2020-12-14,909555.9421160766,252.59817004622815,51.502967451318064,4.398199851579696
2020-12-15,782122.3421986048,246.88860872592383,53.95285039175589,4.1301564035314
2020-12-16,886203.6668158239,254.56773864864894,79.15962890259074,4.926903160946267
2020-12-17,880492.065717875,243.72375620256113,63.69235780752605,3.948584681849886
2020-12-18,833562.6676728402,273.7741618954021,65.9201447891034,2.67278077982656
2020-12-19,779675.9019306257,210.11579212456212,58.612441413061326,4.583660848780015
2020-12-20,992143.0989641333,208.49341838504773,50.14534725107326,4.364846654345628
2020-12-21,826025.2747911847,212.77136475790897,71.2327147334485,4.713227239403604
2020-12-22,973371.1659205129,271.67416288427376,67.10768181814205,2.660172059802106
2020-12-23,936033.0591824647,222.90883928018206,79.88606420046037,2.5295153675970354
2020-12-24,1013193.1037835841,276.22813651084374,52.08577198794474,4.1412888684805935
2020-12-25,1011280.1512206012,276.95268049347055,67.64517136771025,3.1794547736398897
2020-12-26,1024962.1319389711,194.57556763696851,61.369136268843626,3.6668963684284073
2020-12-27,798654.4776204475,257.7178892922467,78.12090302787757,4.149383910749984
2020-12-28,854119.571599416,220.29416669545094,71.63232840720349,2.7560432619988524
2020-12-29,1033499.1018404983,299.84564360767536,66.61820473628484,3.353760987940211
2020-12-30,946901.6956831368,244.61765635135146,68.51753704107522,3.7019704062966725
2020-12-31,801730.2444226786,239.61876515928446,77.09709833944167,3.7534704717053935
2021-01-01,962986.0200316486,243.33512203841343,70.90902723651296,3.084324736353861
2021-01-02,838230.8352934265,252.14948964584212,71.96091561847935,3.3521342364948534
2021-01-03,835842.8243172087,201.4521238042182,79.27392298302487,
2021-01-04,968347.9699713496,204.01788989515762,65.31445545680168,3.0046769461023994
2021-01-05,764586.6893704372,,72.8621953923037,4.332210365767313
2021-01-06,833417.6122364942,268.36225315018197,66.32539923396072,3.4614500624339852
2021-01-07,1048389.7530030367,234.62710598770957,58.41316717829602,4.787720566702818
2021-01-08,936846.087484615,221.54747657632615,61.037430094728094,4.6436188677623935
2021-01-09,845994.8259587229,244.6800234258974,50.54949160431572,4.583187935123991
2021-01-10,988460.9155452973,224.36716664735988,53.67959803299957,4.676576774694176
2021-01-11,962619.1002977684,237.9109441254672,51.692323733795654,3.4591775382980208
2021-01-12,861920.9088375043,221.74141843727918,77.23350988234475,4.95412029173427
2021-01-13,863738.6497697926,250.95533394036792,53.24283862523532,3.750704929439924
2021-01-14,936985.3989741852,260.35984613642074,78.1634876277494,4.819526289962823
2021-01-15,1009698.4047855092,,70.96977735960422,3.0496243133874064
2021-01-16,980756.705125967,213.59094105093754,60.612734449887796,2.520545529478279
2021-01-17,913063.7824065784,269.8460225341426,54.05546644776872,3.37699876950766
2021-01-18,961012.0374872742,243.942436722667,54.48298147750238,2.6585353530485847
2021-01-19,823162.6380979901,262.59009675798154,61.21019804591737,3.756182804940251
2021-01-20,946795.4502450253,279.405924944866,61.003560847750876,3.9192477230596507
2021-01-21,1034358.3485775113,235.23947344483202,75.61991424697983,4.813105838173788
2021-01-22,908367.2310306195,254.30922904608872,53.39401497835895,2.7443002160268124
2021-01-23,989344.8559822827,,65.2115284847976,3.5315761441218756
2021-01-24,836023.312980895,,62.79760418268691,2.7350757253296902
2021-01-25,831036.7584041946,224.5518654160891,51.64244127613908,4.987299717222077
2021-01-26,919083.4054328168,248.30489284631975,72.03052390213861,4.1345510106654535
2021-01-27,805604.7011979256,301.837421988181,50.78023963792077,3.6235091037287095
2021-01-28,,202.925059818424,59.436108458417976,
2021-01-29,813096.2426589648,299.88613755918755,76.29225736792206,3.019573156018838
2021-01-30,977899.4089731569,279.15462849176475,51.13300544977941,4.258340497731943
2021-01-31,972206.821006888,203.31848010008554,68.21796656678502,3.6602839757172223
2021-02-01,836313.6358964617,277.8375634225785,52.39747419427344,3.2183546574016746
2021-02-02,958384.3513539478,222.69274057928877,79.06213456318463,2.6180195185004025
2021-02-03,884030.4878060451,220.84666269484137,,3.519723239011161
2021-02-04,892440.7336213357,213.02905985676978,51.6434661351611,4.919843055491767
2021-02-05,978922.4292103674,249.55941042494956,74.45626121912966,4.2451150515916245
2021-02-06,938568.6843566397,216.75121986116181,51.1394312172638,2.8831803736163493
2021-02-07,919978.0835788815,291.7779954039033,55.75549585726938,3.080412028457728
2021-02-08,839294.8700707665,200.55515795525793,55.09608062387838,2.52922489362024
2021-02-09,972632.13940995,236.2920688576193,79.89266087904099,4.96460000873684
2021-02-10,,252.59244629010857,77.99735067033767,4.4392717873100285
2021-02-11,970212.2486337826,250.04371494273454,67.57243321276042,4.447351630112916
2021-02-12,989531.7336782453,229.8008343204007,65.13034090152959,4.318810360693089
2021-02-13,944522.5765106798,251.2608658496822,51.46958393403285,4.259810507012956
2021-02-14,986514.6577190269,260.0311591050824,54.85471373837399,3.3487113504137644
2021-02-15,924638.0672008794,218.32509237009458,51.52356662142835,4.669549241182645
2021-02-16,967880.5256825602,268.28045162504174,73.39782490386023,3.1756567766921595
2021-02-17,877733.6231280031,297.914533296003,,3.3673568633620095
2021-02-18,858791.5887870318,275.89174285474326,75.51048363753446,3.9323468125885848
2021-02-19,859066.6192901073,265.50964606109636,57.01802424082866,2.946230139889848
2021-02-20,887018.4736942349,287.5058149463057,77.70087209128357,2.842005030605053
2021-02-21,876091.9523272435,301.40507267933117,66.44000504424731,2.990481397084995
2021-02-22,862022.0716039046,,78.85834981621788,4.6031561217547425
2021-02-23,847371.7323196147,,77.76310960176521,3.012489074061631
2021-02-24,818085.030222127,249.9256864464003,54.73919103320041,3.3669584884637453
2021-02-25,902574.3364504786,233.00910617888022,78.24130332976202,2.738267367186535
2021-02-26,,280.58594552298274,57.59603860799152,2.854803368739489
2021-02-27,877988.3007380257,267.749444995898,63.03355890903059,3.2286555835848603
2021-02-28,848258.4773842889,269.46173045015087,65.3585014323061,3.5449079087476463
2021-03-01,957423.0821623693,256.1546085111827,50.915000087338974,3.384515866162112
2021-03-02,855413.3933093748,264.6905874435559,63.72806588374881,3.1738968143389865
2021-03-03,827410.7443337181,282.42913056163474,69.93472031533379,3.6186053866639
2021-03-04,967151.8682323515,295.2940174156544,50.735268707618644,4.647735037404276
2021-03-05,1009941.4389034818,284.4310234518619,54.98476936788521,4.704465902327283
2021-03-06,914691.4263242286,261.91185574419256,51.91908407283249,4.27621924264521
2021-03-07,999631.2163391463,219.24323835231894,69.72434628975968,3.8370498871496004
2021-03-08,958830.4445489123,289.55867670321965,51.64231181868253,4.828426461621187
2021-03-09,990730.6599315975,210.18158182426018,53.614359422443776,4.300535027078461
2021-03-10,948895.028506368,236.8550957113805,73.53174621477677,4.00734064571969
2021-03-11,836056.5111631368,208.66057138110662,67.17056323959379,4.077530114713084
2021-03-12,812679.363792527,242.59192325804796,63.10862538333681,3.71044851821304
2021-03-13,892105.1604538517,221.50911078141465,50.24022815208921,2.6378557094249944
2021-03-14,952689.3601354607,220.75545337058458,57.80968997877518,4.90001058005828
2021-03-15,972658.5568651074,240.45447766650125,62.35884232155466,2.854520161786607
2021-03-16,969503.0814572602,199.29624543896875,,3.6346654997137726
2021-03-17,,262.8409011127811,73.90861998552091,2.501425669212426
2021-03-18,858114.5915185364,264.3802626726437,51.57008844745151,4.074488682411502
2021-03-19,828640.4860866311,290.327857736516,53.30136386530993,2.6021183109773878
2021-03-20,878572.0394223847,264.1927892697972,69.43036470611013,4.932896526875485
2021-03-21,905151.4694738336,250.25646282399862,56.268001098851585,3.408039937193625
2021-03-22,1014487.4302583853,269.61334595185167,75.61181017553106,2.8095938768654407
2021-03-23,,269.23837303466934,54.525976460695304,4.1578853858103955
2021-03-24,855178.5639757771,227.25829260261042,54.95239171900478,2.5593658621600004
2021-03-25,902767.3340408623,214.67494452809945,50.84670010199362,4.828366948512464
2021-03-26,926081.0731630665,219.36198709191103,70.0448802716946,3.8749295196096916
2021-03-27,985479.1158619848,225.04028779385533,59.62047247308561,4.6349142527069045
2021-03-28,980174.425360302,234.78826279964247,68.52606128184937,3.603286752674058
2021-03-29,868498.1385895585,283.450636177532,64.43893537061928,4.817753569619709
2021-03-30,957371.0401726996,253.978976524882,78.71222454041246,4.0370440933334475
2021-03-31,937720.4607472,,79.88996501304409,3.3946887106819474
2021-04-01,917334.78190462,258.48651211215184,55.48769201409075,4.334016232562101
2021-04-02,937524.9790793185,197.88424401767114,54.452130575357586,3.261363979538406
2021-04-03,971949.0022039801,,57.26200951633925,4.169826718495348
2021-04-04,853677.5984363116,284.7766904584369,56.87403218559082,2.835575936542938
2021-04-05,942568.7137463241,255.27951852648164,60.310479701186345,3.7664866445684906
2021-04-06,854153.398603924,294.11149724225425,61.41525383077764,4.010831691564299
2021-04-07,890933.5508248197,235.58713375162213,66.77793347827759,3.7584176664996876
2021-04-08,1012169.4351591235,231.10555527406632,72.27207511589937,4.215548287430384
2021-04-09,967516.6269557431,,69.88186463942063,3.9554529740603743
2021-04-10,778665.9418221841,281.8928535999114,77.75423761082861,4.017230096713769
2021-04-11,978548.5656002196,255.58519834554784,77.71491582035274,3.277642172541433
2021-04-12,1017751.3244035061,246.45497610465466,55.733281227555864,3.0494571483387993
2021-04-13,899927.9087277789,206.2637048633028,65.52916957553632,2.7870175904684915
2021-04-14,914150.9286914789,,61.65101502519587,4.649199734823766
2021-04-15,953869.2240291617,271.5517326776298,55.307571829206495,4.3777966380582445
2021-04-16,914592.1580298436,201.33707334735456,65.47651753140266,4.281809507224809
2021-04-17,900802.4520320054,235.08806769261165,62.394344827181804,4.016718047205625
2021-04-18,899935.6825945455,294.2333231924791,66.43267914768046,3.6909981390091984
2021-04-19,1015555.205058397,300.6248977920627,60.794093642340506,2.86927307828888
2021-04-20,992474.209382282,220.71215526003783,79.1379284907124,4.789965815246427
2021-04-21,948979.7773851169,308.95326835901614,71.73311673824938,3.5047519523362394
2021-04-22,773651.4895763856,301.8290804127546,66.24163135620876,4.819265704986577
2021-04-23,914191.0803929793,225.56619930149404,53.22890448864048,3.2075344298342774
2021-04-24,961120.054213176,196.91882745641388,76.10947906010611,3.5793641864741015
2021-04-25,941970.2769864347,255.15952721762218,50.691455699587564,3.737057808150698
2021-04-26,854142.6169836582,194.24739863460954,71.92346431571346,4.513433114631915
2021-04-27,821724.9513374182,196.2514300038568,78.32015160622691,2.8312612945400364
2021-04-28,907972.1171024075,268.83834994352185,71.80022859380696,4.465760707999879
2021-04-29,848343.4468308301,244.87651504753103,76.91872319791796,4.7505209153306795
2021-04-30,954908.9640609287,231.37624010287257,74.55950133367047,3.0185787823392847
2021-05-01,847791.9453232399,305.26517888776795,52.22982142647922,3.87278009490589
2021-05-02,764888.3782293354,288.08935623261505,63.68678455427873,4.519068764908139
2021-05-03,992395.0079441301,289.66384063350006,78.41600845537705,4.108937310709847
2021-05-04,,211.6486831700694,,3.8123780680070882
2021-05-05,919939.763157137,247.3460854329598,56.284019761848135,2.9191395044570863
2021-05-06,769336.3246481491,,65.61810196757575,4.826112026392868
2021-05-07,847539.2012784636,226.82639943290658,65.5553406560216,3.4391667527573544
2021-05-08,882000.43537038,217.8065988248334,51.95184794424158,4.894409061524044
2021-05-09,940051.6801721689,216.54226599537606,64.18897458974334,
2021-05-10,989680.0924215121,260.36125344867025,69.25554535524456,3.2332915821504318
2021-05-11,914972.3392278627,261.1925217802449,67.93362731409303,3.6252756115438176
2021-05-12,974343.1014100206,256.0856298437144,58.58148545213963,4.651918979823364
2021-05-13,774954.7713831315,273.8452531286655,75.83139466241084,4.7877312205069495
2021-05-14,825395.4037159667,216.09934827874412,67.89209526737785,2.7331083794959583
2021-05-15,918326.6503799492,203.9993265528386,62.3404041789146,2.8285429951887835
2021-05-16,855547.315194062,267.4672808253386,77.87998730986993,3.983622348701961
2021-05-17,920481.0392800571,234.35439438248864,64.04093833595607,2.7816779836022087
2021-05-18,,,61.18844606933458,3.5568061771706323
2021-05-19,808553.03097543,219.67529628186327,74.20962339653136,
2021-05-20,1004464.8004849487,213.3173055157583,72.80389218529176,3.0025188845871553
2021-05-21,974381.0238556159,276.6287279146426,76.22939992067512,4.74023514920583
2021-05-22,787279.9810367012,259.7189904229028,51.37851818816242,4.103342730321477
2021-05-23,1028090.58233324,194.11497341620483,73.58315055592209,4.833298473577893
2021-05-24,916347.3200854717,261.9755237935881,,4.014354790624225
2021-05-25,929809.8787981445,237.12486304660666,78.61203039904095,3.932065234494872
2021-05-26,931421.091851011,264.51879990637286,76.90712673676902,2.9545488918158895
2021-05-27,,279.0330539516817,,
2021-05-28,857407.8555713461,210.93894731689153,79.07035726193202,3.1610599266998474
2021-05-29,1010581.9963889576,260.57051677758517,,4.656468010102272
2021-05-30,845304.7032857452,292.1913383548487,57.60272523876097,4.440946219455396
2021-05-31,1031414.0171820783,260.55045809284223,52.26389593228765,4.778210851398528
2021-06-01,924329.79350804,215.83821911011557,79.76065855262445,4.871470032494895
2021-06-02,945707.444502701,264.9039247874442,55.76082899530043,3.1352784967537053
2021-06-03,936467.756518284,227.39076453264002,50.59730985983684,4.20509538102467
2021-06-04,,255.58324234975152,58.42614327355804,4.149851308351294
2021-06-05,811308.4887395414,203.12729715304417,72.59976040245931,3.4923173863054915
2021-06-06,829801.7183787118,,70.58429560928805,4.535307590432554
2021-06-07,829776.9771258241,,77.82821015566651,
2021-06-08,889026.6530184223,300.60927945012645,,4.6297700470663745
2021-06-09,883145.3371335842,294.7879592578875,76.05221263462892,3.7051459933607562
2021-06-10,994396.2819262682,291.10496239840467,53.75170226020336,4.808796409972684
2021-06-11,897621.1205030809,227.38538685013003,72.83191376419008,3.8587945606568828
2021-06-12,985630.6888045025,266.4182683493939,53.90232592552586,2.710427592738634
2021-06-13,797428.9929224425,278.22948226206546,71.05075177162556,4.078687064714179
2021-06-14,901775.3945470521,236.08880876121583,,4.145272349100898
2021-06-15,1000344.5708004887,289.3466667504158,59.363350155983106,4.91014549018338
2021-06-16,870761.6535788425,255.80682655742706,70.94407024406206,4.713491807405605
2021-06-17,887371.7010009035,290.69279949531335,52.003509931631214,3.5571699913455164
2021-06-18,926586.3143642792,255.0363354932011,50.42370747220781,2.8033127533462108
2021-06-19,942484.5118916285,219.58529748153018,77.57237215289096,3.4248791286839797
2021-06-20,969698.2981138624,290.2528238206571,72.58463202618394,4.979666090697359
2021-06-21,968088.8620888841,197.299707535298,50.81055625243492,2.6905664717304516
2021-06-22,860837.1939783139,211.51186631980912,77.60620356906362,2.796929820034929
2021-06-23,920804.2211686571,268.563071203255,50.765021225701766,4.98877170107699
2021-06-24,900698.3527830401,,54.67543389926698,2.633030773540147
2021-06-25,818847.4280298457,297.77258379036584,72.7355329319391,2.8801219979814814
2021-06-26,852841.1441562121,253.65540162718708,75.13282694294074,3.273077225897471
2021-06-27,941038.7582487001,199.22395332056433,51.12417643904243,2.6647277271290157
2021-06-28,758974.103530518,286.6526994144007,60.39633464161461,3.2163212389610525
2021-06-29,940644.4500896386,209.91514522251902,74.98248905464315,2.5962407090005675
2021-06-30,939299.6508004064,276.4576652575249,70.1396305199222,2.690282817211608
2021-07-01,914637.0784328346,223.72300945222952,79.71039822427647,4.841708200052264
2021-07-02,882091.8988861479,208.98804207391584,60.12501614105096,4.1685793736274945
2021-07-03,995705.7342634089,281.6085002058527,65.19071659339355,4.664544558199527
2021-07-04,982974.0127265651,210.80202910354365,78.23985824892986,4.7258385223548025
2021-07-05,979865.4512596095,236.35770832054232,65.19056291724384,3.3518201219709645
2021-07-06,864535.0321241177,249.93366133195534,76.59693977159084,3.173950287194675
2021-07-07,998493.7805202041,229.50758325593242,50.42768453813319,2.9541824967309314
2021-07-08,917467.9095492053,220.61389219593875,56.42302687110185,3.2143166935699248
2021-07-09,976403.1559218781,217.35432784982834,70.06392807027495,3.771685189939302
2021-07-10,940050.6196564101,229.10564283329768,66.95261488455506,
2021-07-11,925524.9569903773,249.9992389019805,64.07534418139608,4.698637286840402
2021-07-12,960333.7307749533,270.42610498256585,79.89667463950599,4.675614274363688
2021-07-13,973310.1607788927,281.65786984188014,70.35515245022094,3.6352666475650057
2021-07-14,925554.6233787086,294.309914171701,69.39093798393162,3.7273911007593084
2021-07-15,967144.1284884213,295.01328121499944,64.67211582466136,2.521737447034586
2021-07-16,853489.5183269121,270.0273148333253,60.484839858576336,2.5267936537391233
2021-07-17,938503.7768573201,291.4868003470383,66.87987650133161,3.813854942420888
2021-07-18,831258.4032257198,214.21118823062835,62.56700622376743,3.509432283632148
2021-07-19,962180.9700575718,222.44390946167738,78.56374833408631,3.2955303355312164
2021-07-20,867769.852512601,266.82926177255104,72.02352932497683,3.1993452279778403
2021-07-21,832002.5568227908,224.87184911204923,57.793034944165036,2.7820839874694654
2021-07-22,920899.5211861276,240.14767912334113,65.7164320015832,3.3555656228919934
2021-07-23,958811.2333858998,275.2290612046526,70.96001920226904,2.505505486775316
2021-07-24,879898.2119977241,269.5786973527082,66.85832104565219,4.781004509129456
2021-07-25,997429.6950791156,233.69367162940668,71.8223183279679,3.325551414031954
2021-07-26,885794.954496303,275.99274481677793,75.1178707005623,3.382266957533613
2021-07-27,985813.4791307605,215.56509249688844,54.32205401967281,3.2980860686624585
2021-07-28,940398.8660179332,235.36876603046395,74.93631053497347,3.2003077635179413
2021-07-29,802532.7757319148,254.56471560343934,,2.835094578995048
2021-07-30,908594.4824986592,261.5320016548623,53.09127194770272,4.948341430163639
2021-07-31,980123.182133997,262.446594325863,70.08032610359012,4.305960365482358
2021-08-01,863648.4368963748,243.21242831450948,58.56544552715294,4.1847553860478115
2021-08-02,796455.7193481583,288.75439439421785,64.9029672140162,4.802927558147193
2021-08-03,956468.4953046761,213.27074959688625,57.14771319062689,3.9730006070409707
2021-08-04,827877.4057253861,282.0704622084283,50.817454254357315,4.978860569646074
2021-08-05,905073.966368206,230.68828124706846,68.14742078503538,3.261734640803729
2021-08-06,944746.9297381737,218.41634329450886,68.15737556563627,4.871804708601637
2021-08-07,915180.5443673583,282.5100892709579,65.00566810274145,3.2373726858983036
2021-08-08,987296.0534645343,289.1199830601003,68.4665269552658,4.208270572455479
2021-08-09,867277.5536661916,245.3693651316324,52.17021292670765,4.898241426418276
2021-08-10,,236.42312157482644,79.33744830194178,4.8410303235279315
2021-08-11,799191.9537608825,212.67925713003024,79.56202052385885,4.396688327587585
2021-08-12,940635.5073236971,249.47446506720476,67.50384030824345,4.049290864231391
2021-08-13,,196.55246798325044,70.35993685689783,2.7961602004184423
2021-08-14,945505.9605583367,249.7947279666029,65.13296861096578,4.608373585495052
2021-08-15,852201.7988297899,195.51614226819373,54.47070946068958,2.7447650561930708
2021-08-16,825937.3139713671,224.3359321503437,73.55022322650517,3.030804201529966
2021-08-17,989593.3076750537,251.74898535871617,63.22137795538596,2.903862404651801
2021-08-18,950966.4671585016,289.0713277563593,59.01764808885292,2.518376721380111
2021-08-19,946609.326277587,220.02757176586368,59.22900125943082,4.7454736304697125
2021-08-20,,245.69521929983597,56.70088821957786,2.600617449675586
2021-08-21,836185.7333391713,291.1263476323942,51.84969186833769,3.407321705737661
2021-08-22,924410.2152523579,234.07410495455997,68.87900792964241,4.4127477276075915
2021-08-23,983266.6643742158,199.55149769936946,61.67807560847958,3.6702712783176406
2021-08-24,959320.7626163294,277.9081577604691,63.92281009358124,4.069111144559309
2021-08-25,1043004.886386648,281.11666624166605,61.88015478747122,3.546740025454266
2021-08-26,846709.1310884587,197.57576485039792,58.963319962789654,3.7284721641282257
2021-08-27,915866.7163273839,209.74567288127292,69.81870430968254,2.9543806795113747
2021-08-28,926798.8443548813,295.59176545005363,70.5347317234437,4.11358499683656
2021-08-29,836647.7535032093,245.14906928031834,59.563554437894986,4.795190718657116
2021-08-30,889407.916434472,252.7585680224125,55.487092604238896,3.6793664520762777
2021-08-31,948039.3055846429,253.86460722125085,54.258090054699764,3.838428882677305
2021-09-01,965229.9995579429,279.3275306322067,58.78320885647832,3.9582659191873493
2021-09-02,933979.6713698023,249.7667333188481,77.04927223702079,3.4631025020693347
2021-09-03,947370.2528152209,201.80826826968794,78.02812294880763,4.028273634938319
2021-09-04,953988.2219680184,241.8898509270405,74.32034391152919,3.108049570174249
2021-09-05,849421.099438162,292.8610680692191,,2.970967135576723
2021-09-06,876701.0628036119,261.0164926205364,54.86840141005565,4.134717473935106
2021-09-07,904629.6342506753,266.50922805952416,56.80896580408915,3.641029224484627
2021-09-08,782732.0391504022,253.05432856603184,72.32189478333207,4.606792389176952
2021-09-09,926176.4334051162,205.92598560499155,63.51951189901392,2.982068714315565
2021-09-10,870092.4776133354,227.79903811408923,59.43111798521343,2.5727597740340435
2021-09-11,928487.6802091477,280.77831934289225,72.48919471712833,3.3706122226042807
2021-09-12,880602.5989744047,197.39225218712406,54.502138788117136,4.217536434695761
2021-09-13,928296.5687944697,243.28866708024665,70.12706394645232,3.7761834100936316
2021-09-14,893291.4915478658,257.85871006494915,74.21292845580905,3.937772058283562
2021-09-15,837185.1388926458,222.97362595538533,72.21412215934521,4.083635339283468
2021-09-16,863480.945225563,290.902885000208,79.24210239110036,2.893046776601705
2021-09-17,878273.848515718,203.85555872521434,57.333600461987146,4.403031132272867
2021-09-18,847770.0627398291,244.06089369422153,69.89607256021854,3.84345675205083
2021-09-19,902812.3204177653,305.3124300745093,56.79035356638529,3.333246377851835
2021-09-20,898704.761898477,295.4427167601246,75.83334503897,2.6821465187943794
2021-09-21,896746.5926580831,216.84754890489432,57.38376252453675,4.342354062116387
2021-09-22,972754.7222377803,278.2487931087885,59.78091911113265,4.018960887148535
2021-09-23,1024915.2671571667,234.5146852562662,66.413416302677,3.7885274107353624
2021-09-24,994410.3455455073,256.674845306233,79.44421398227607,4.5704851348400375
2021-09-25,992985.3822000236,231.73144602942955,63.745195943905074,3.1465999183107924
2021-09-26,898134.5181230587,264.58590071288995,50.70950869533836,4.853090672075336
2021-09-27,906209.5480906391,201.3742560807785,70.14642027192137,4.064648699884803
2021-09-28,968560.3457843346,215.86704432201992,77.33694822161877,3.693185380061048
2021-09-29,936525.8971256136,270.69819174641015,70.07683421713281,4.44976458954698
2021-09-30,854211.0760693089,232.88353984343536,,3.4073468193862837
2021-10-01,930459.4609380557,272.37583275288415,66.56875786666699,4.985181695816799
2021-10-02,847853.4097949383,251.93837208152885,62.33167842741674,
2021-10-03,788627.7684070664,275.0920477704547,75.77849363743223,4.39214645987861
2021-10-04,833086.7335741115,283.27336823806206,68.88183389995707,3.1717089929981146
2021-10-05,784268.6831907359,216.04567424632728,65.34190711074015,3.0635084070614678
2021-10-06,831715.6928560612,276.03916091308474,70.26477105479003,3.3587257843370626
2021-10-07,893395.0092608506,235.3456411043231,70.09229900234973,4.144996040863019
2021-10-08,985147.931778854,,,
2021-10-09,965897.3369512779,260.76948656597045,63.69321960151502,3.9405081453334865
2021-10-10,825212.643540859,250.92536974695062,76.46991899207836,4.375719439680417
2021-10-11,877628.8378189767,198.36630862417124,65.57648510229194,2.9693596366746458
2021-10-12,883841.1045776863,-3.0,-17.463441648298286,4.346665959214493
2021-10-13,851491.2614832196,272.0996114787991,75.54586322737273,3.0575942357176453
2021-10-14,942602.5183265264,256.2651805712634,74.21713064051605,3.7816340348819577
2021-10-15,823897.1549997024,259.3966527237067,75.63738477882498,3.8499439047865556
2021-10-16,,224.87105136842973,67.36446697375321,3.1292661779409205
2021-10-17,917617.575487118,207.12229569544866,75.06486928787025,4.715662043815565
2021-10-18,969971.500263038,267.2949796402866,61.465595565008066,3.9837040281965512
2021-10-19,891853.53196667,196.261751735174,57.22971241919413,4.992162929587629
2021-10-20,1010330.7875003879,222.38603825661875,67.03403428925641,4.04233272380646
2021-10-21,907641.4666663023,270.86780567418276,67.0349012011833,4.643562738953003
2021-10-22,925368.3176353314,278.8341027661081,57.161770460175994,3.619654236473315
2021-10-23,990972.4005652098,256.24847341707704,69.22254112998635,2.601068878863064
2021-10-24,984471.4424065369,221.08381927131438,78.69337097377363,3.3708790513880165
2021-10-25,892218.6867323407,,64.0122496376679,2.891853115530441
2021-10-26,828880.2004753114,242.32658909714914,62.3566152771098,3.100573553429379
2021-10-27,909195.691765276,289.6528165923887,68.73081282247713,4.961066823117402
2021-10-28,989189.8834941352,224.64440149765784,67.97895509544185,2.9260592269745733
2021-10-29,822799.261179388,255.2243014353507,57.088378039553376,4.548953592941079
2021-10-30,1038739.3814998206,249.90168558938626,79.21176659402406,3.95159243835833
2021-10-31,984770.6823195558,237.38316861110192,58.67051198060116,3.7954539117647723
2021-11-01,973338.955877355,252.11771165290543,53.51107083112872,2.5323594473775315
2021-11-02,944389.3210123209,293.2680900708064,59.82451812701066,4.93806239002933
2021-11-03,917960.2427818907,277.6478126464653,77.99766214494102,4.639865411649217
2021-11-04,885842.2943277777,299.1145920272254,72.52145868799954,
2021-11-05,845857.5580319605,,55.09852340253238,3.7196558668538193
2021-11-06,902564.4417937363,282.68282686629317,70.69877328699923,4.530988568944254
2021-11-07,905494.3068764968,195.81650032828668,65.25716175274349,2.8863650057657533
2021-11-08,868302.263749052,289.46279869004377,78.08934351007386,4.477208821341978
2021-11-09,842704.6809714562,270.5347475462267,66.39020278957295,3.4425358580432146
2021-11-10,,222.40283402377224,73.77457417475985,4.619364701111946
2021-11-11,793414.3681961539,302.9900266615741,72.74805439807393,3.6819582157911666
2021-11-12,927926.7286591204,225.11482773760383,69.4331647562745,4.066042950636943
2021-11-13,958620.4707437346,233.6741737679812,74.66449806598575,4.075845815960635
2021-11-14,826851.8433409823,273.03399243956676,57.26804401034761,2.8158891239854693
2021-11-15,868309.5232865333,279.04548138866494,70.32034772094256,2.659130271285659
2021-11-16,847472.1536385971,259.5049368967145,66.69326098007679,4.897741114858821
2021-11-17,966282.2170132255,272.55157173951375,,3.0073925536504293
2021-11-18,791585.4658373839,236.79277676805359,57.25018105775832,2.5291999294326226
2021-11-19,961683.4377960548,204.08823624506442,73.65418730557963,4.8006476482607425
2021-11-20,846004.613206904,238.24727785378528,68.77471296460484,2.8751799535362865
2021-11-21,900799.7421256468,284.929456673285,60.25150056560493,3.5907781674784363
2021-11-22,826194.3733954424,,50.761968567318874,4.6744681588027515
2021-11-23,867306.2823737431,264.99602913940424,75.07035676512359,3.469464551788374
2021-11-24,978460.55217521,296.5434376835634,61.046246464921055,2.9625896673667285
2021-11-25,963609.5903527898,275.2558369557215,,4.732327309390019
2021-11-26,813776.1492799901,290.59873696695166,64.25254284743559,2.9829639470037534
2021-11-27,,226.22469089513734,78.44136921417956,4.795070104524792
2021-11-28,907491.5796726369,238.51701957399692,67.71079661619657,2.636733532627244
2021-11-29,,,67.01372168409918,3.457810648532206
2021-11-30,862432.1213858967,301.48096093854565,72.6212040632196,3.221148958218683
2021-12-01,980710.320642959,191.63878352730373,52.24576812847137,4.687823858932193
2021-12-02,1004654.8751027432,276.5087072730333,67.46629157676558,4.7682443177518135
2021-12-03,910190.060338737,212.952718089629,70.50627865086071,
2021-12-04,824156.4867017971,,65.12011848235417,3.467127477953725
2021-12-05,1020872.3673039536,287.32437263393575,55.48283905016233,3.459811297284797
2021-12-06,917419.7375618237,,51.73251825673612,3.0662606262738774
2021-12-07,1042723.339567953,284.4007251963802,73.87642492645148,2.5133613257653855
2021-12-08,900990.204906833,195.20752651168618,71.57097700376212,4.077553119013004
2021-12-09,973645.4827396942,-4.0,-11.235077522247852,4.7148802105633125
2021-12-10,990058.7781616516,242.8944168281323,58.4248856577344,2.8768102951889856
2021-12-11,980569.2636828534,220.79008475413372,63.699940158033925,2.5690107741395876
2021-12-12,963651.3285288147,280.08554003381425,50.16423584928763,2.830915258881656
2021-12-13,,290.80439962462975,61.352024304571714,2.674520661099095
2021-12-14,,208.50939585814754,79.89677804253307,3.272464647205459
2021-12-15,784878.4232882973,296.98419494323707,57.83368897531362,4.094398181480605
2021-12-16,907277.092190555,226.41247098011792,53.82143945810824,2.9013036021452647
2021-12-17,946963.9494019446,269.4896609223436,51.91669969213185,
2021-12-18,953564.1984619558,297.0646347723807,59.92373724035757,3.2098934567514945
2021-12-19,819690.0002311694,253.62145521854927,65.90621446333569,4.710428606231334
2021-12-20,998958.601665164,267.0323993734376,59.13030812577426,2.5657578620115515
2021-12-21,859040.3785237722,238.45450585069017,73.06520729357936,3.4195720216685395
2021-12-22,959349.4543540563,211.39260565233073,67.46506424654585,2.7925943424789152
2021-12-23,838203.7481429015,,68.46494478286215,4.778299929910425
2021-12-24,932192.1732533657,267.14804211955897,56.40790339824366,2.610416675210706
2021-12-25,834273.1702896421,228.39434014945235,57.76871322659748,3.9095220634873984
2021-12-26,960714.5021409136,293.83137132185345,51.91272352237701,4.559398555442259
2021-12-27,1011357.2921263651,221.37512954676131,73.751745145113,3.2974916313101756
2021-12-28,792202.5358506121,295.4394047432526,,4.661374331386071
2021-12-29,979821.86569538,273.69415227768155,76.23170367373027,4.826879878126717
2021-12-30,864699.3695510726,276.4621144529524,77.39176478878096,2.7151584259052686
2021-12-31,938052.1117042401,308.6291933079272,70.033974623511,3.0909321798480693
2022-01-01,848925.3354188999,217.56608376842848,76.69308776367188,4.192981484764819
2022-01-02,905381.9640268583,291.1264205308674,71.89744297536362,
2022-01-03,901358.7621832109,257.20967939562763,71.41406717675017,3.124570100867332
2022-01-04,869066.9977939269,288.644077896852,71.76819227238657,3.856320242673059
2022-01-05,910130.479951786,247.52257849104458,72.30741254159021,2.8880593341982435
2022-01-06,,253.81071646741424,68.76650445838322,3.0729475043148504
2022-01-07,897234.8272244667,225.47098580315082,77.80746211877064,4.043382088093579
2022-01-08,798687.6243226135,285.1212803136475,72.3597991037542,3.6642990186920135
2022-01-09,888455.0077728364,280.78596838377916,55.1252448295066,2.8194048428035368
2022-01-10,899671.4161377749,241.48853183870986,69.38970617948083,3.502522456058679
2022-01-11,840936.4265505499,211.3705337068006,67.39989925624333,2.845438393695483
2022-01-12,930105.9252331138,272.1484719987969,75.7077813609416,2.7359033110935096
2022-01-13,838007.3407608126,260.8555468163568,72.43118807102249,3.703561075086064
2022-01-14,825939.0792191651,281.62030694033905,62.74116102441573,3.1070656230084825
2022-01-15,931214.6400625672,300.4510441355477,72.90312645964359,4.665886233472982
2022-01-16,962910.5758204219,254.52270650006622,58.890674915727345,4.59430548770066
2022-01-17,944947.0328730686,205.1124225158526,73.88107545592747,4.994008375805455
2022-01-18,875332.4485427797,281.3948006999936,55.30136431808846,2.9842670071357684
2022-01-19,898781.9030908645,293.52885408282754,66.66272721289356,2.7227750757334244
2022-01-20,838003.2921835366,291.88819447658074,57.80709318542069,4.934989062184005
2022-01-21,1031389.4154692197,236.5104008569334,72.61638442196339,4.885454537733134
2022-01-22,932894.6681082468,265.7672816407992,58.64268356858434,3.765840028883284
2022-01-23,947862.771516255,240.86242214513277,58.344762013933234,2.641142426056849
2022-01-24,872925.189235198,224.81045561011484,51.89601660848591,4.181502442000719
2022-01-25,,226.21227280188177,75.7623421835269,4.166402787068925
2022-01-26,950338.6120898874,251.78376921339745,72.73747019310608,3.1324153001164685
2022-01-27,948494.0495465088,236.91109368692688,71.98719307033149,4.768025143756865
2022-01-28,1001946.3521900527,217.0138670853448,70.39860831548481,2.930554413603039
2022-01-29,776866.6680549087,223.31903805250022,74.20232348206936,2.9729677560435883
2022-01-30,882016.9658441341,249.22034573781056,53.66168877584436,4.592320711459055
2022-01-31,841257.8790232199,265.15585379831657,58.75849778912164,3.945371305049483
2022-02-01,993131.5214027753,303.54184984277504,50.97932820388479,2.7852947838585296
2022-02-02,,257.55385064619344,71.72348051374841,2.7844419406089376
2022-02-03,,212.8077446560336,75.79498683328507,3.571020527658243
2022-02-04,926029.9345258874,208.91034143833912,56.31180613488491,3.8024402059168123
2022-02-05,959734.8580742072,212.98254192023413,63.24011998569652,4.861100651655974
2022-02-06,922596.7950282902,260.336857698681,53.23289856734495,4.948863181155588
2022-02-07,852216.8040959333,244.58365950178685,67.90471375466494,2.579376119101774
2022-02-08,830472.8628619857,290.9770523720684,66.53068224492685,3.5202831810066986
2022-02-09,911527.784793351,244.7135277502046,79.46882938947013,3.4504952313424693
2022-02-10,839220.3856722405,256.23717780090874,77.57262852830418,2.5189983042292625
2022-02-11,945956.1151731554,200.2051181814493,69.7755033289277,4.660690209993787
2022-02-12,942500.3274271431,282.78934977482766,75.99645781820317,3.171592768055796
2022-02-13,908063.3478990989,268.14841046643744,61.88971619706054,3.1520263938157043
2022-02-14,887735.8023959522,297.8633922693986,75.00544629941017,3.9229010392783574
2022-02-15,915806.0075343921,216.319352026748,78.22368393335293,4.1133978444692625
2022-02-16,992279.847559516,206.77785190183366,57.40030624842947,3.5940690892533063
2022-02-17,1003404.6404049714,282.41827055166965,,3.280441900888964
2022-02-18,853596.7318457066,280.6348199097282,55.19918043711593,4.874368408888355
2022-02-19,888583.6230008838,248.7496826247237,60.393705661926006,4.459972286520483
2022-02-20,940188.9281808151,,60.38471940325641,4.181230381349903
2022-02-21,930232.1208045777,,75.78605317587571,4.6823888872380195
2022-02-22,793890.6761125913,231.15907348628372,52.041958813845575,3.865062992829076
2022-02-23,858724.2675168545,244.71660562770558,77.88418192509647,2.930240660901317
2022-02-24,908117.222069107,259.39083016222264,69.58796547729276,
2022-02-25,835799.6918843297,274.5590032029838,60.490792596225965,4.916899223757669
2022-02-26,855317.7033354447,236.14079639047648,67.44518638309849,4.193101297408197
2022-02-27,,250.84113341791107,64.05233130369153,3.955536052798342
2022-02-28,869437.2755446292,256.6970542586164,72.27190320009612,3.312589941184011
2022-03-01,850257.5168303929,251.2705555994749,73.28730994207488,2.8165711869811343
2022-03-02,812848.0517690534,294.4035243270612,55.38817400383156,3.0856092628478353
2022-03-03,959627.2343742423,247.66059100814397,53.65429619486484,2.948758472469197
2022-03-04,934403.6691947895,247.90222908749905,55.436491474475815,3.49421786642773
2022-03-05,973541.0018695769,228.9942935667268,,2.689024707553596
2022-03-06,975674.4766794585,258.1302719673561,66.86715699279836,3.697437248511057
2022-03-07,865365.308210812,260.93237365024453,52.04860523951169,4.23566075306057
2022-03-08,1000322.934758597,222.02282835070645,50.68304258532946,3.5659306851028254
2022-03-09,921010.5595639303,225.80777144480413,66.28773436337113,4.3652508239563375
2022-03-10,832753.1415199497,239.58929059245708,69.98902177692986,4.284041854396185
2022-03-11,914586.5867700701,275.986515062606,56.517953713444655,3.2547856000768465
2022-03-12,814604.4623000976,209.83212642267094,74.85497490525927,
2022-03-13,836191.940937562,242.3453235761117,73.43262832034692,
2022-03-14,905229.3500270708,240.78725446664146,59.77666424678481,3.196895180760051
2022-03-15,914910.6616110452,258.92712782568856,69.71982871076717,3.5184140589274544
2022-03-16,875123.8810071674,265.42107708327,56.37549393816912,4.164871930798495
2022-03-17,1035769.2069213084,211.5498730499687,66.00812152458197,4.869734011176821
2022-03-18,802396.8477566865,290.4273222817752,,4.585135045403892
2022-03-19,794555.805121081,220.21910170452333,,4.6874099488333325
2022-03-20,848549.4584346318,228.62292563059395,60.39445094455117,2.6365564629667304
2022-03-21,,288.8012043026935,71.25495282253112,4.672780931807356
2022-03-22,845881.594989484,231.8123108335666,64.33279347311593,4.5735493614775375
2022-03-23,841878.5837693904,241.33050427392283,59.762769108779615,3.9853470049626782
2022-03-24,1005280.754585865,254.8843767097143,68.42521424866436,4.178787820117439
2022-03-25,966076.7635483728,230.72866184490795,63.74553514713661,2.9393686431529833
2022-03-26,990497.0603265944,,59.08813979693286,4.394113379009954
2022-03-27,850150.7769876771,219.38018985380785,61.77941741950722,3.5170240853273422
2022-03-28,952050.3256364027,280.7301966478274,58.104721926059646,2.5462400556832496
2022-03-29,899698.9993391398,270.987242625357,60.43032696339988,4.068945695836025
2022-03-30,848138.490391619,226.18999150561044,51.69867962110361,4.589471617245277
2022-03-31,929166.2154692023,297.27700395304254,66.90235774679562,3.53447218878742
2022-04-01,836832.2951928262,241.30759610381233,64.3384548311486,3.8447160094068358
2022-04-02,889603.839986728,252.7035344877339,77.59442036476092,4.0996846278864165
2022-04-03,965366.278823466,298.937211832347,64.50696550017288,4.885119638743159
2022-04-04,1003584.150898065,273.98524857747543,51.01368123948572,3.906110530907638
2022-04-05,836642.6370259372,,50.738976031020144,4.257003538024451
2022-04-06,862640.1823944098,207.76282820591973,77.7963323740943,4.128375038300372
2022-04-07,880956.9436290513,228.6389875946011,75.49987807679642,4.083620827847991
2022-04-08,1020603.1156019178,232.25323996412703,64.4448539941279,3.5030177499148993
2022-04-09,817075.0901920786,257.0360561250207,52.462637164012406,3.9005811949573905
2022-04-10,819879.902705158,262.7098294908651,62.66251699859869,4.1240053127079594
2022-04-11,912839.3730153006,247.73983837532916,66.44665909284406,3.4532442424823797
2022-04-12,919709.7869114141,210.78740186075538,58.108116644259155,3.7867000893962057
2022-04-13,936677.966556079,215.30586713382127,60.680321765875476,2.9959982852981737
2022-04-14,829928.2568835913,233.86476490929903,56.65433236936912,2.6850642107490126
2022-04-15,965226.7029737417,219.2136627852222,74.95633957904886,4.205545020920892
2022-04-16,1010953.4634020044,282.56087378258104,75.21355418500194,3.2043344109352607
2022-04-17,812544.0419344148,250.0937159024527,76.119841371416,4.375180174733183
2022-04-18,767468.5346361396,225.88383608231482,75.86804593363348,2.517319467092734
2022-04-19,950966.0783929949,239.40910480851716,77.99361325745642,2.5049709936972864
2022-04-20,901760.9350892085,253.44065829911676,77.42766573963175,4.009535002364819
2022-04-21,1014833.8680403833,267.6339368222426,62.7697819353993,2.8870724301397006
2022-04-22,883402.966842556,,57.776914091762784,3.8742730455821803
2022-04-23,940906.5058829997,248.8050884853057,67.64755390129122,4.3329523624257655
2022-04-24,887224.9349678106,243.2735392295358,64.58904150211485,
2022-04-25,1008328.1365178772,237.97096704833933,53.05851853801205,3.2328835987084377
2022-04-26,837163.3298564309,283.6695852892164,78.69527057288813,3.892282704490614
2022-04-27,844872.8629845205,245.0705065286397,75.86337227604135,4.171161541171104
2022-04-28,994190.9777480323,247.05961977863828,60.229758989156615,3.0348052882125893
2022-04-29,1028712.2208559647,300.7686519547941,66.67004905339417,4.449136888173468
2022-04-30,949930.1302832046,276.9328963162859,57.744649108519326,
2022-05-01,911568.2996835473,271.377873132183,72.61043425635727,4.814075341151161
2022-05-02,922250.595536612,217.7219735270678,56.039938043314336,4.172695299246122
2022-05-03,969437.3800939401,207.43551603742662,60.98988040376311,3.8340334936027047
2022-05-04,821614.177573753,274.4475325641364,62.30641097314205,2.6680570948706417
2022-05-05,900430.1220091168,271.7247616495234,57.99813473869554,2.542167315897253
2022-05-06,1025323.3861089591,200.85764015454805,50.37356800134843,3.9450122639167478
2022-05-07,1003859.5999889397,225.4472265093048,79.9920294836683,4.256274615845468
2022-05-08,902660.3218825813,233.4746355320986,76.80469650366155,3.9715999922410106
2022-05-09,809146.6649316521,247.47104106813674,,3.495876057571005
2022-05-10,911812.8798444673,202.48428320188412,70.51230263520408,2.6818943652930973
2022-05-11,,299.7732628611524,56.183839756439156,3.4106856558282015
2022-05-12,895968.4999319244,293.6012307401485,59.84738036257079,3.0939426168707986
2022-05-13,937366.6739170593,216.96881156405667,76.63511170526439,4.197808386039492
2022-05-14,931910.6286526041,207.5599981745901,66.16469301534386,4.830887344819424
2022-05-15,764832.135214392,233.5716452830217,75.90720006918298,2.6927821551741355
2022-05-16,884125.2049563597,266.0952380822938,77.97311218794768,2.835021066037253
2022-05-17,890246.8685653001,242.70440447016492,78.38728983984568,4.542931853726894
2022-05-18,884073.938123136,280.75791545680664,76.23621734205342,4.154045320981316
2022-05-19,816654.541704425,240.98419983064224,53.38602889043723,
2022-05-20,873556.5973335998,261.36058406899735,55.402705058686635,2.571254488882572
2022-05-21,1028196.2139341794,274.50885839002683,67.91750599896363,2.6221166761267902
2022-05-22,855416.4743547197,279.14488700444014,59.680393266477566,3.530254771065681
2022-05-23,843561.3207163347,250.38123287906038,54.56014024049484,2.754191867580311
2022-05-24,946518.3361061814,248.35140556408686,58.29550169229384,3.8322719312989495
2022-05-25,962585.7421587643,257.9122413733206,63.76187531643543,3.62964962113618
2022-05-26,907815.9709970794,211.0908822043506,76.8000119310702,2.892979937266868
2022-05-27,917733.6701453589,204.82812847255568,76.2098086302348,4.493285869924293
2022-05-28,908265.5201987477,300.0669695985492,71.53960589351271,3.778464095425591
2022-05-29,839373.442273051,201.32390724177878,60.277268850197466,3.827748672442127
2022-05-30,845920.1783492417,236.44573972429006,68.61427336664174,2.9134424290031813
2022-05-31,967891.2076509593,212.8395874221317,57.97641522758789,3.1109619869927845
2022-06-01,924350.2122944712,212.98474525625954,63.90184949295037,4.740225897641871
2022-06-02,949237.6996289376,239.64041031782224,77.5738853405559,4.835402569785604
2022-06-03,1011409.2768209091,270.15535082255013,69.13063821542247,3.128839950213062
2022-06-04,805074.4935894698,303.7082499091271,67.55460820220522,3.7941211883307955
2022-06-05,770799.9073844947,294.4465559479286,58.47950882933917,3.9440902858850673
2022-06-06,908443.377614619,307.36441018382936,57.56848172680872,3.2890831510587324
2022-06-07,948127.5223644485,214.81502270406432,54.391009059235714,4.251604850458294
2022-06-08,961176.133339702,232.88073797073713,75.68359989588174,4.845116537394665
2022-06-09,888534.5157403314,241.65178214706225,51.631267181834836,4.300657242269814
2022-06-10,912826.8655019618,241.699283380114,60.36420888874489,3.8941997246460365
2022-06-11,896603.3210603603,267.07116236343586,52.44133695853863,3.738452234545319
2022-06-12,889437.7875718501,300.04448770050396,56.860984673617324,4.716830771744469
2022-06-13,917377.614554437,292.9025203811061,78.78325007838173,4.376217024455928
2022-06-14,890635.0884254462,209.89431972213518,62.14425871105386,4.08337580250819
2022-06-15,964396.2246749168,230.2675079610349,60.717760504339736,4.335162066099153
2022-06-16,811723.9518881104,209.15368403962947,71.79457002309377,4.280549105745591
2022-06-17,1008856.9571092154,264.5749141759775,66.21397070748309,4.097632890002841
2022-06-18,879120.2704223216,213.86112844270346,72.77933994602077,3.231812306648659
2022-06-19,896090.2506209692,257.4176308921995,60.85675830515352,4.043856734118464
2022-06-20,864205.0139462824,202.3548529402157,52.63392485324813,3.212886151177239
2022-06-21,941198.5627884564,,53.43107646422859,4.057392703510141
2022-06-22,962170.2100498507,298.21878368947137,53.180521990814995,4.512734042813127
2022-06-23,901076.9558141835,244.42359574886237,52.861573692264294,4.127256587773701
2022-06-24,851828.4973254935,205.30340179676617,67.29966852828487,
2022-06-25,854933.927307695,239.08433034486492,61.756481585347245,3.879658723435284
2022-06-26,947591.0165427253,281.8882677808625,51.872220900891016,
2022-06-27,953731.0936599396,,55.59603309423619,4.999999095265981
2022-06-28,977276.3528167349,271.70705834782825,67.6433640176252,4.171321246622431
2022-06-29,,206.45270009188764,73.96966739730462,4.560128772109902
2022-06-30,828552.587993136,230.68549536986393,78.85490826290797,
2022-07-01,889668.3607013358,284.14271246553966,58.73081418189117,4.19705475460108
2022-07-02,,267.6487923975788,62.134362496272374,2.866181041071143
2022-07-03,897779.932280677,232.0545221880991,71.77470459890745,3.2797031629669764
2022-07-04,844883.8693066873,236.82188906362586,78.11744672698897,2.7877776877692457
2022-07-05,870596.1233648803,235.071338007251,65.6977119812448,2.5813476708768794
2022-07-06,943004.3759954423,252.51681466367504,57.76061144965874,2.874896114636556
2022-07-07,923394.8753688023,247.73793679258574,53.89667451663112,
2022-07-08,,218.6990902730915,55.35700946398029,3.6385617816623546
2022-07-09,940303.1615065732,240.847084017294,66.94307690402799,2.6344054254525986
2022-07-10,878313.1295578623,256.55350028306174,76.96268341507606,2.7763647098176993
2022-07-11,813879.4613485899,223.2032608510546,71.09518996668159,
2022-07-12,844940.4466140133,197.46432018585813,73.71685142762692,2.7006985703520705
2022-07-13,814095.3821622739,278.9839602151438,71.5414528033863,4.24141683269628
2022-07-14,,243.32145579165757,65.75356170789166,3.8436715794407466
2022-07-15,996146.8677956231,295.2180695041815,55.443421606990874,2.8539332208431425
2022-07-16,,210.6359845120749,55.20556869065609,4.650678548556252
2022-07-17,921561.622664121,273.03128291963986,75.8138031000232,2.851029776450955
2022-07-18,933042.5540694253,283.2398443241882,68.08348028263786,3.9671572067664136
2022-07-19,,236.98473622203932,73.66904182459642,3.209026841115943
2022-07-20,,273.01703428426714,66.59662896055266,3.3123945620463124
2022-07-21,779999.31957681,238.92983204701721,62.55691121248418,
2022-07-22,949523.78961924,242.39081830885635,65.6675317696096,2.9808979822483352
2022-07-23,923987.5222400097,291.42491182654675,54.97978273276087,3.0890663616857976
2022-07-24,783325.8380372898,,59.23142164426768,4.337191301050396
2022-07-25,,286.64602379976947,50.54966152602983,4.0482439441984
2022-07-26,905106.3409814221,,62.60815639539136,3.384553041963514
2022-07-27,967396.1956449925,226.3700527750936,,3.954116064426417
2022-07-28,880632.7147608985,198.26198807155737,55.10062301293082,3.2894313361005514
2022-07-29,898992.2174593953,293.4431462168848,52.15151039933565,4.668306570426452
2022-07-30,916708.5660378055,204.68945127441054,64.89067015779229,3.6776727509749434
2022-07-31,891164.5462684995,275.8625137479239,61.207300441050684,4.855374485106003
2022-08-01,1027338.3036214886,224.7905358925324,,2.721013582067741
2022-08-02,937736.9923630452,243.48633468840833,69.66777791598949,3.2923863647877667
2022-08-03,899959.6142246504,218.3785509126978,,4.029402913808215
2022-08-04,909307.4322910019,247.94662097880666,77.8683946132171,3.7526194976423475
2022-08-05,919611.0936985466,274.70533398651025,76.5845977839117,3.120235348048919
2022-08-06,919730.8397624558,221.83257641867996,70.35395217616038,2.880005183916413
2022-08-07,955513.561013304,297.3582910588022,62.245793242699364,3.8536653225412927
2022-08-08,832392.5404757042,288.32713996612057,50.242939081473104,3.5459105476656196
2022-08-09,814040.2777177206,294.70066739261495,73.3201027116488,3.00482012991343
2022-08-10,953096.9307934942,292.5634364066226,67.18054746799928,4.686940415554499
2022-08-11,818320.8385853311,247.3749305825717,70.99043305847641,4.35710470572936
2022-08-12,912661.0909152573,208.22334506081123,69.33438426870886,4.035030545794341
2022-08-13,889976.8171857999,288.7704211397307,63.37595923287243,4.285793424179807
2022-08-14,822427.5588403592,255.649368429035,54.18490421174696,4.82567899892919
2022-08-15,886759.8008678611,279.74229102222137,68.49882635683474,4.424169147140363
2022-08-16,1033159.7277190455,290.96532881032084,51.977978200672034,3.795573356999732
2022-08-17,782979.7320721758,224.0085631163974,55.56958006427144,4.011195472301125
2022-08-18,995813.4353559724,201.65440980980398,79.77254506704966,3.135428651121818
2022-08-19,945948.635326802,209.32279143128227,66.74774265894666,3.8700361149139155
2022-08-20,917410.3570492291,283.17921623584044,64.19449854347556,3.248631512664629
2022-08-21,908987.015468838,283.06970300740846,,4.509394211700881
2022-08-22,898841.1433185412,223.16036110594726,78.55533115548127,4.450119319990436
2022-08-23,947249.9813237925,235.94565560930877,65.80881916479518,3.683999769634147
2022-08-24,767076.499738762,290.9771076682915,68.24939113836936,3.091048669732576
2022-08-25,831326.9226703274,293.259315249861,70.58909533254425,4.711695536003869
2022-08-26,861715.8194075789,258.2299787172716,60.81131993212909,2.8375067554208355
2022-08-27,858962.8037907039,273.27344372350433,65.51547484651928,
2022-08-28,914318.089153052,221.8874384187359,79.71000610784704,3.2365624569895823
2022-08-29,950100.9885088742,,71.62609797666532,4.282113690745934
2022-08-30,900249.1651715905,300.086985089773,51.295266319844465,
2022-08-31,869566.0398118986,211.18176628653603,74.52497654179643,2.933863460167432
2022-09-01,943788.8377896167,249.7870477868698,65.63481055479443,3.834947264356879
2022-09-02,844632.3484103469,,70.61070104363773,3.8922293629532754
2022-09-03,760226.5355841587,285.1924219815525,73.66304220375872,3.604486629645533
2022-09-04,850579.637612774,230.29950192726142,56.811762364445855,4.1856456554011725
2022-09-05,1025439.4225611376,297.33664756133555,76.4116362347805,4.428362898626622
2022-09-06,802186.8254282818,233.026877762789,57.898466280687046,3.2593847780137377
2022-09-07,887236.1308734397,,57.22724626213769,3.2998185560798596
2022-09-08,800280.398344993,228.21886366619842,51.94852915347792,2.876919418898778
2022-09-09,906901.1191460188,253.2343376024138,61.851928478291704,4.872087313990477
2022-09-10,929615.7251081582,216.12341527324938,71.40383594237186,3.5903105954307537
2022-09-11,1026375.5300594921,308.688980821352,50.038494182901076,3.390807566362526
2022-09-12,980009.8020702666,255.6780117677125,58.90018247369755,3.78038896587186
2022-09-13,876974.2171129221,215.0866442443351,60.00889832690078,2.505562337860148
2022-09-14,,236.06120600194436,,4.413819821781433
2022-09-15,862406.282181338,243.5407340829785,63.00684394429098,3.4546579033491565
2022-09-16,863871.1125618203,253.99009478516746,54.983551937445526,4.659613674626436
2022-09-17,817346.6107220708,222.38642501464366,67.38219705878771,3.080044384356089
2022-09-18,935595.4275123545,,57.51042720627635,3.226743280257364
2022-09-19,929998.2269407383,,54.68994010678409,4.02248877788157
2022-09-20,1012761.269881352,245.00767930904723,50.87422998150926,2.519035809366626
2022-09-21,816848.3609505955,298.4734360747921,55.39257739751497,4.986622745844267
2022-09-22,955866.9080760073,243.8065237453138,66.59252109518174,3.016646399843537
2022-09-23,815207.8551183138,238.66886159543856,,4.570488401198226
2022-09-24,974080.6398236796,284.54416259954746,67.98842001435239,3.6013678984901816
2022-09-25,957741.2647823539,282.6551497385478,66.11059704019945,3.2008622095222328
2022-09-26,974209.9081993788,267.8336188266623,59.75371387270158,4.429864048289332
2022-09-27,971790.2343193028,239.7854895715919,72.19936315831615,4.78777448403005
2022-09-28,961633.5966926053,230.77448769520487,75.23348597166259,2.8274459556478035
2022-09-29,830211.5746131785,231.53368178600945,76.86140940135023,2.7513405756994436
2022-09-30,943289.6392027816,263.22746884298107,77.48072175210748,4.881544651304086
2021-11-08,868302.263749052,289.46279869004377,78.08934351007386,4.477208821341978
2021-10-13,851491.2614832196,272.0996114787991,75.54586322737273,3.0575942357176453
2022-05-19,816654.541704425,240.98419983064224,53.38602889043723,
2020-05-21,960656.5902098435,244.86393452598438,76.56669864306842,3.6788700812724664
2021-06-26,852841.1441562121,253.65540162718708,75.13282694294074,3.273077225897471
2021-11-29,,,67.01372168409918,3.457810648532206
2020-01-26,963819.8864196953,260.6328802973104,56.178713054469156,2.804300560881236
2022-03-17,1035769.2069213084,211.5498730499687,66.00812152458197,4.869734011176821
2022-06-23,901076.9558141835,244.42359574886237,52.861573692264294,4.127256587773701
2021-09-06,876701.0628036119,261.0164926205364,54.86840141005565,4.134717473935106
